ISO 3166-1 numeric code,Location,Time,Age,Both sexes combined,Female,Male
124,            Canada,1950,0-4,   1 636,    801,    835
124,            Canada,1950,5-9,   1 316,    645,    671
124,            Canada,1950,10-14,   1 125,    554,    571
124,            Canada,1950,15-19,   1 078,    534,    544
124,            Canada,1950,20-24,   1 110,    558,    552
124,            Canada,1950,25-29,   1 114,    564,    550
124,            Canada,1950,30-34,   1 034,    521,    513
124,            Canada,1950,35-39,    966,    478,    488
124,            Canada,1950,40-44,    843,    411,    432
124,            Canada,1950,45-49,    731,    353,    378
124,            Canada,1950,50-54,    656,    318,    338
124,            Canada,1950,55-59,    572,    276,    296
124,            Canada,1950,60-64,    502,    239,    263
124,            Canada,1950,65-69,    418,    197,    221
124,            Canada,1950,70-74,    303,    147,    156
124,            Canada,1950,75-79,    184,    92,    92
124,            Canada,1950,80-84,    92,    49,    42
124,            Canada,1950,85-89,    41,    23,    18
124,            Canada,1950,90-94,    11,    6,    4
124,            Canada,1950,95-99,    2,    1,    1
124,            Canada,1950,100+,    0,    0,    0
124,            Canada,1955,0-4,   1 938,    948,    990
124,            Canada,1955,5-9,   1 725,    845,    880
124,            Canada,1955,10-14,   1 368,    670,    697
124,            Canada,1955,15-19,   1 139,    563,    576
124,            Canada,1955,20-24,   1 118,    557,    561
124,            Canada,1955,25-29,   1 184,    589,    595
124,            Canada,1955,30-34,   1 178,    596,    582
124,            Canada,1955,35-39,   1 090,    546,    545
124,            Canada,1955,40-44,    996,    488,    507
124,            Canada,1955,45-49,    852,    411,    441
124,            Canada,1955,50-54,    721,    347,    374
124,            Canada,1955,55-59,    621,    304,    317
124,            Canada,1955,60-64,    523,    257,    266
124,            Canada,1955,65-69,    457,    222,    235
124,            Canada,1955,70-74,    361,    178,    183
124,            Canada,1955,75-79,    222,    112,    111
124,            Canada,1955,80-84,    124,    66,    58
124,            Canada,1955,85-89,    44,    25,    19
124,            Canada,1955,90-94,    14,    8,    5
124,            Canada,1955,95-99,    2,    1,    1
124,            Canada,1955,100+,    0,    0,    0
124,            Canada,1960,0-4,   2 216,   1 083,   1 133
124,            Canada,1960,5-9,   2 031,    993,   1 038
124,            Canada,1960,10-14,   1 772,    867,    906
124,            Canada,1960,15-19,   1 374,    675,    699
124,            Canada,1960,20-24,   1 177,    590,    587
124,            Canada,1960,25-29,   1 211,    595,    617
124,            Canada,1960,30-34,   1 265,    627,    638
124,            Canada,1960,35-39,   1 241,    625,    616
124,            Canada,1960,40-44,   1 097,    547,    550
124,            Canada,1960,45-49,    990,    485,    504
124,            Canada,1960,50-54,    837,    407,    430
124,            Canada,1960,55-59,    691,    337,    354
124,            Canada,1960,60-64,    572,    285,    286
124,            Canada,1960,65-69,    482,    243,    239
124,            Canada,1960,70-74,    397,    202,    194
124,            Canada,1960,75-79,    266,    135,    131
124,            Canada,1960,80-84,    150,    80,    69
124,            Canada,1960,85-89,    61,    35,    26
124,            Canada,1960,90-94,    15,    9,    6
124,            Canada,1960,95-99,    3,    2,    1
124,            Canada,1960,100+,    0,    0,    0
124,            Canada,1965,0-4,   2 242,   1 092,   1 150
124,            Canada,1965,5-9,   2 252,   1 102,   1 150
124,            Canada,1965,10-14,   2 041,    999,   1 043
124,            Canada,1965,15-19,   1 767,    870,    897
124,            Canada,1965,20-24,   1 387,    696,    691
124,            Canada,1965,25-29,   1 213,    607,    606
124,            Canada,1965,30-34,   1 237,    608,    628
124,            Canada,1965,35-39,   1 276,    634,    641
124,            Canada,1965,40-44,   1 227,    618,    608
124,            Canada,1965,45-49,   1 066,    534,    532
124,            Canada,1965,50-54,    962,    476,    486
124,            Canada,1965,55-59,    792,    391,    401
124,            Canada,1965,60-64,    645,    324,    321
124,            Canada,1965,65-69,    522,    271,    251
124,            Canada,1965,70-74,    420,    223,    198
124,            Canada,1965,75-79,    296,    158,    138
124,            Canada,1965,80-84,    182,    100,    82
124,            Canada,1965,85-89,    76,    44,    32
124,            Canada,1965,90-94,    22,    13,    8
124,            Canada,1965,95-99,    3,    2,    1
124,            Canada,1965,100+,    0,    0,    0
124,            Canada,1970,0-4,   1 876,    916,    960
124,            Canada,1970,5-9,   2 281,   1 114,   1 167
124,            Canada,1970,10-14,   2 283,   1 116,   1 166
124,            Canada,1970,15-19,   2 077,   1 023,   1 054
124,            Canada,1970,20-24,   1 848,    919,    930
124,            Canada,1970,25-29,   1 523,    753,    770
124,            Canada,1970,30-34,   1 291,    636,    655
124,            Canada,1970,35-39,   1 269,    619,    649
124,            Canada,1970,40-44,   1 269,    627,    642
124,            Canada,1970,45-49,   1 215,    613,    602
124,            Canada,1970,50-54,   1 038,    524,    513
124,            Canada,1970,55-59,    934,    470,    464
124,            Canada,1970,60-64,    756,    384,    371
124,            Canada,1970,65-69,    602,    315,    286
124,            Canada,1970,70-74,    451,    247,    203
124,            Canada,1970,75-79,    326,    184,    141
124,            Canada,1970,80-84,    207,    120,    88
124,            Canada,1970,85-89,    96,    57,    39
124,            Canada,1970,90-94,    28,    18,    11
124,            Canada,1970,95-99,    5,    3,    2
124,            Canada,1970,100+,    0,    0,    0
124,            Canada,1975,0-4,   1 763,    859,    905
124,            Canada,1975,5-9,   1 935,    945,    991
124,            Canada,1975,10-14,   2 337,   1 141,   1 195
124,            Canada,1975,15-19,   2 341,   1 149,   1 192
124,            Canada,1975,20-24,   2 177,   1 081,   1 096
124,            Canada,1975,25-29,   1 988,    977,   1 011
124,            Canada,1975,30-34,   1 602,    785,    817
124,            Canada,1975,35-39,   1 321,    647,    673
124,            Canada,1975,40-44,   1 285,    627,    657
124,            Canada,1975,45-49,   1 256,    624,    632
124,            Canada,1975,50-54,   1 207,    616,    591
124,            Canada,1975,55-59,    994,    511,    483
124,            Canada,1975,60-64,    893,    460,    432
124,            Canada,1975,65-69,    701,    371,    331
124,            Canada,1975,70-74,    524,    287,    238
124,            Canada,1975,75-79,    355,    208,    148
124,            Canada,1975,80-84,    223,    136,    87
124,            Canada,1975,85-89,    113,    70,    42
124,            Canada,1975,90-94,    37,    24,    13
124,            Canada,1975,95-99,    7,    5,    2
124,            Canada,1975,100+,    1,    0,    0
124,            Canada,1980,0-4,   1 784,    869,    915
124,            Canada,1980,5-9,   1 804,    878,    926
124,            Canada,1980,10-14,   1 969,    960,   1 009
124,            Canada,1980,15-19,   2 400,   1 175,   1 225
124,            Canada,1980,20-24,   2 413,   1 195,   1 218
124,            Canada,1980,25-29,   2 194,   1 094,   1 100
124,            Canada,1980,30-34,   2 011,    992,   1 019
124,            Canada,1980,35-39,   1 596,    783,    814
124,            Canada,1980,40-44,   1 328,    652,    676
124,            Canada,1980,45-49,   1 265,    622,    643
124,            Canada,1980,50-54,   1 233,    619,    615
124,            Canada,1980,55-59,   1 168,    606,    562
124,            Canada,1980,60-64,    950,    501,    449
124,            Canada,1980,65-69,    826,    443,    384
124,            Canada,1980,70-74,    615,    342,    273
124,            Canada,1980,75-79,    422,    245,    176
124,            Canada,1980,80-84,    252,    159,    93
124,            Canada,1980,85-89,    128,    85,    44
124,            Canada,1980,90-94,    48,    32,    15
124,            Canada,1980,95-99,    10,    7,    3
124,            Canada,1980,100+,    1,    1,    0
124,            Canada,1985,0-4,   1 838,    895,    943
124,            Canada,1985,5-9,   1 809,    881,    928
124,            Canada,1985,10-14,   1 831,    894,    938
124,            Canada,1985,15-19,   2 019,    983,   1 037
124,            Canada,1985,20-24,   2 480,   1 215,   1 265
124,            Canada,1985,25-29,   2 431,   1 205,   1 225
124,            Canada,1985,30-34,   2 217,   1 109,   1 108
124,            Canada,1985,35-39,   2 004,    989,   1 014
124,            Canada,1985,40-44,   1 590,    784,    806
124,            Canada,1985,45-49,   1 305,    646,    659
124,            Canada,1985,50-54,   1 247,    620,    627
124,            Canada,1985,55-59,   1 211,    616,    594
124,            Canada,1985,60-64,   1 121,    594,    527
124,            Canada,1985,65-69,    889,    484,    405
124,            Canada,1985,70-74,    728,    408,    320
124,            Canada,1985,75-79,    500,    295,    205
124,            Canada,1985,80-84,    300,    188,    112
124,            Canada,1985,85-89,    150,    102,    48
124,            Canada,1985,90-94,    58,    41,    16
124,            Canada,1985,95-99,    14,    10,    4
124,            Canada,1985,100+,    2,    1,    0
124,            Canada,1990,0-4,   1 919,    937,    983
124,            Canada,1990,5-9,   1 912,    931,    981
124,            Canada,1990,10-14,   1 868,    910,    958
124,            Canada,1990,15-19,   1 926,    937,    989
124,            Canada,1990,20-24,   2 117,   1 040,   1 077
124,            Canada,1990,25-29,   2 555,   1 261,   1 294
124,            Canada,1990,30-34,   2 520,   1 253,   1 267
124,            Canada,1990,35-39,   2 274,   1 138,   1 136
124,            Canada,1990,40-44,   2 044,   1 013,   1 031
124,            Canada,1990,45-49,   1 594,    789,    805
124,            Canada,1990,50-54,   1 302,    647,    655
124,            Canada,1990,55-59,   1 235,    619,    616
124,            Canada,1990,60-64,   1 176,    608,    568
124,            Canada,1990,65-69,   1 066,    578,    487
124,            Canada,1990,70-74,    799,    450,    348
124,            Canada,1990,75-79,    606,    357,    249
124,            Canada,1990,80-84,    360,    227,    133
124,            Canada,1990,85-89,    181,    123,    58
124,            Canada,1990,90-94,    68,    50,    18
124,            Canada,1990,95-99,    17,    13,    4
124,            Canada,1990,100+,    3,    2,    1
124,            Canada,1995,0-4,   1 975,    963,   1 012
124,            Canada,1995,5-9,   1 981,    966,   1 015
124,            Canada,1995,10-14,   1 986,    967,   1 019
124,            Canada,1995,15-19,   1 972,    958,   1 014
124,            Canada,1995,20-24,   1 999,    982,   1 017
124,            Canada,1995,25-29,   2 179,   1 078,   1 101
124,            Canada,1995,30-34,   2 605,   1 290,   1 315
124,            Canada,1995,35-39,   2 557,   1 276,   1 281
124,            Canada,1995,40-44,   2 296,   1 152,   1 143
124,            Canada,1995,45-49,   2 048,   1 021,   1 027
124,            Canada,1995,50-54,   1 579,    791,    788
124,            Canada,1995,55-59,   1 293,    652,    642
124,            Canada,1995,60-64,   1 206,    613,    593
124,            Canada,1995,65-69,   1 107,    585,    522
124,            Canada,1995,70-74,    952,    533,    419
124,            Canada,1995,75-79,    660,    390,    270
124,            Canada,1995,80-84,    440,    277,    163
124,            Canada,1995,85-89,    221,    151,    70
124,            Canada,1995,90-94,    83,    61,    22
124,            Canada,1995,95-99,    20,    16,    4
124,            Canada,1995,100+,    3,    2,    1
124,            Canada,2000,0-4,   1 786,    872,    914
124,            Canada,2000,5-9,   2 028,    989,   1 039
124,            Canada,2000,10-14,   2 048,    998,   1 049
124,            Canada,2000,15-19,   2 088,   1 015,   1 074
124,            Canada,2000,20-24,   2 063,   1 007,   1 056
124,            Canada,2000,25-29,   2 067,   1 020,   1 047
124,            Canada,2000,30-34,   2 257,   1 119,   1 138
124,            Canada,2000,35-39,   2 668,   1 323,   1 345
124,            Canada,2000,40-44,   2 591,   1 295,   1 295
124,            Canada,2000,45-49,   2 306,   1 161,   1 145
124,            Canada,2000,50-54,   2 035,   1 018,   1 017
124,            Canada,2000,55-59,   1 553,    782,    771
124,            Canada,2000,60-64,   1 256,    640,    615
124,            Canada,2000,65-69,   1 141,    591,    550
124,            Canada,2000,70-74,   1 002,    544,    458
124,            Canada,2000,75-79,    803,    468,    335
124,            Canada,2000,80-84,    498,    313,    186
124,            Canada,2000,85-89,    272,    185,    87
124,            Canada,2000,90-94,    100,    74,    26
124,            Canada,2000,95-99,    24,    19,    5
124,            Canada,2000,100+,    3,    3,    1
124,            Canada,2005,0-4,   1 711,    832,    879
124,            Canada,2005,5-9,   1 860,    907,    953
124,            Canada,2005,10-14,   2 114,   1 033,   1 082
124,            Canada,2005,15-19,   2 171,   1 054,   1 117
124,            Canada,2005,20-24,   2 219,   1 088,   1 131
124,            Canada,2005,25-29,   2 157,   1 065,   1 092
124,            Canada,2005,30-34,   2 177,   1 080,   1 097
124,            Canada,2005,35-39,   2 350,   1 163,   1 187
124,            Canada,2005,40-44,   2 739,   1 358,   1 381
124,            Canada,2005,45-49,   2 610,   1 305,   1 305
124,            Canada,2005,50-54,   2 306,   1 163,   1 144
124,            Canada,2005,55-59,   2 000,   1 011,    990
124,            Canada,2005,60-64,   1 529,    778,    752
124,            Canada,2005,65-69,   1 199,    622,    577
124,            Canada,2005,70-74,   1 044,    555,    490
124,            Canada,2005,75-79,    863,    485,    378
124,            Canada,2005,80-84,    631,    386,    245
124,            Canada,2005,85-89,    320,    214,    106
124,            Canada,2005,90-94,    128,    94,    35
124,            Canada,2005,95-99,    30,    24,    6
124,            Canada,2005,100+,    4,    3,    1
124,            Canada,2010,0-4,   1 886,    919,    967
124,            Canada,2010,5-9,   1 807,    876,    930
124,            Canada,2010,10-14,   1 938,    944,    993
124,            Canada,2010,15-19,   2 229,   1 088,   1 141
124,            Canada,2010,20-24,   2 377,   1 156,   1 221
124,            Canada,2010,25-29,   2 408,   1 189,   1 218
124,            Canada,2010,30-34,   2 308,   1 155,   1 153
124,            Canada,2010,35-39,   2 297,   1 143,   1 154
124,            Canada,2010,40-44,   2 420,   1 201,   1 219
124,            Canada,2010,45-49,   2 790,   1 386,   1 404
124,            Canada,2010,50-54,   2 610,   1 307,   1 303
124,            Canada,2010,55-59,   2 285,   1 158,   1 127
124,            Canada,2010,60-64,   1 961,   1 000,    961
124,            Canada,2010,65-69,   1 469,    756,    713
124,            Canada,2010,70-74,   1 107,    585,    522
124,            Canada,2010,75-79,    917,    502,    416
124,            Canada,2010,80-84,    710,    415,    296
124,            Canada,2010,85-89,    424,    275,    149
124,            Canada,2010,90-94,    159,    115,    45
124,            Canada,2010,95-99,    40,    32,    9
124,            Canada,2010,100+,    5,    4,    1
124,            Canada,2015,0-4,   1 946,    950,    996
124,            Canada,2015,5-9,   1 958,    956,   1 002
124,            Canada,2015,10-14,   1 857,    902,    955
124,            Canada,2015,15-19,   2 132,   1 035,   1 097
124,            Canada,2015,20-24,   2 517,   1 233,   1 284
124,            Canada,2015,25-29,   2 467,   1 230,   1 237
124,            Canada,2015,30-34,   2 548,   1 278,   1 269
124,            Canada,2015,35-39,   2 400,   1 208,   1 192
124,            Canada,2015,40-44,   2 352,   1 178,   1 174
124,            Canada,2015,45-49,   2 420,   1 204,   1 216
124,            Canada,2015,50-54,   2 789,   1 389,   1 400
124,            Canada,2015,55-59,   2 621,   1 309,   1 311
124,            Canada,2015,60-64,   2 237,   1 137,   1 099
124,            Canada,2015,65-69,   1 917,    976,    941
124,            Canada,2015,70-74,   1 371,    719,    652
124,            Canada,2015,75-79,    989,    536,    452
124,            Canada,2015,80-84,    743,    424,    319
124,            Canada,2015,85-89,    490,    303,    187
124,            Canada,2015,90-94,    217,    151,    66
124,            Canada,2015,95-99,    51,    39,    11
124,            Canada,2015,100+,    7,    6,    1
124,            Canada,2020,0-4,   1 993,    972,   1 021
124,            Canada,2020,5-9,   1 978,    966,   1 012
124,            Canada,2020,10-14,   1 983,    969,   1 014
124,            Canada,2020,15-19,   1 988,    971,   1 017
124,            Canada,2020,20-24,   2 363,   1 155,   1 208
124,            Canada,2020,25-29,   2 733,   1 344,   1 390
124,            Canada,2020,30-34,   2 626,   1 310,   1 316
124,            Canada,2020,35-39,   2 652,   1 330,   1 322
124,            Canada,2020,40-44,   2 463,   1 239,   1 224
124,            Canada,2020,45-49,   2 383,   1 194,   1 190
124,            Canada,2020,50-54,   2 423,   1 207,   1 216
124,            Canada,2020,55-59,   2 759,   1 378,   1 381
124,            Canada,2020,60-64,   2 563,   1 287,   1 275
124,            Canada,2020,65-69,   2 150,   1 103,   1 047
124,            Canada,2020,70-74,   1 793,    925,    867
124,            Canada,2020,75-79,   1 226,    658,    568
124,            Canada,2020,80-84,    815,    459,    356
124,            Canada,2020,85-89,    519,    313,    205
124,            Canada,2020,90-94,    253,    169,    84
124,            Canada,2020,95-99,    70,    53,    17
124,            Canada,2020,100+,    9,    7,    1
124,            Canada,2025,0-4,   2 005,    976,   1 028
124,            Canada,2025,5-9,   2 023,    987,   1 036
124,            Canada,2025,10-14,   2 002,    979,   1 023
124,            Canada,2025,15-19,   2 111,   1 036,   1 075
124,            Canada,2025,20-24,   2 214,   1 088,   1 126
124,            Canada,2025,25-29,   2 574,   1 263,   1 311
124,            Canada,2025,30-34,   2 887,   1 421,   1 466
124,            Canada,2025,35-39,   2 728,   1 361,   1 367
124,            Canada,2025,40-44,   2 713,   1 360,   1 353
124,            Canada,2025,45-49,   2 494,   1 254,   1 240
124,            Canada,2025,50-54,   2 389,   1 197,   1 191
124,            Canada,2025,55-59,   2 404,   1 200,   1 203
124,            Canada,2025,60-64,   2 703,   1 356,   1 347
124,            Canada,2025,65-69,   2 471,   1 250,   1 221
124,            Canada,2025,70-74,   2 023,   1 050,    973
124,            Canada,2025,75-79,   1 616,    850,    765
124,            Canada,2025,80-84,   1 020,    565,    455
124,            Canada,2025,85-89,    579,    343,    236
124,            Canada,2025,90-94,    277,    180,    97
124,            Canada,2025,95-99,    82,    60,    23
124,            Canada,2025,100+,    12,    9,    2
124,            Canada,2030,0-4,   2 020,    984,   1 036
124,            Canada,2030,5-9,   2 036,    992,   1 044
124,            Canada,2030,10-14,   2 048,   1 000,   1 048
124,            Canada,2030,15-19,   2 134,   1 048,   1 086
124,            Canada,2030,20-24,   2 345,   1 157,   1 187
124,            Canada,2030,25-29,   2 433,   1 200,   1 233
124,            Canada,2030,30-34,   2 734,   1 344,   1 390
124,            Canada,2030,35-39,   2 992,   1 473,   1 519
124,            Canada,2030,40-44,   2 792,   1 392,   1 400
124,            Canada,2030,45-49,   2 746,   1 377,   1 369
124,            Canada,2030,50-54,   2 502,   1 259,   1 243
124,            Canada,2030,55-59,   2 374,   1 192,   1 182
124,            Canada,2030,60-64,   2 362,   1 184,   1 178
124,            Canada,2030,65-69,   2 616,   1 320,   1 295
124,            Canada,2030,70-74,   2 337,   1 195,   1 143
124,            Canada,2030,75-79,   1 839,    970,    869
124,            Canada,2030,80-84,   1 362,    738,    624
124,            Canada,2030,85-89,    740,    430,    310
124,            Canada,2030,90-94,    317,    201,    116
124,            Canada,2030,95-99,    92,    65,    27
124,            Canada,2030,100+,    14,    11,    3
124,            Canada,2035,0-4,   2 039,    993,   1 046
124,            Canada,2035,5-9,   2 052,   1 000,   1 052
124,            Canada,2035,10-14,   2 062,   1 006,   1 056
124,            Canada,2035,15-19,   2 186,   1 073,   1 113
124,            Canada,2035,20-24,   2 378,   1 175,   1 203
124,            Canada,2035,25-29,   2 573,   1 274,   1 299
124,            Canada,2035,30-34,   2 600,   1 284,   1 316
124,            Canada,2035,35-39,   2 845,   1 399,   1 446
124,            Canada,2035,40-44,   3 059,   1 506,   1 553
124,            Canada,2035,45-49,   2 827,   1 410,   1 417
124,            Canada,2035,50-54,   2 754,   1 382,   1 373
124,            Canada,2035,55-59,   2 489,   1 255,   1 235
124,            Canada,2035,60-64,   2 338,   1 178,   1 160
124,            Canada,2035,65-69,   2 295,   1 157,   1 138
124,            Canada,2035,70-74,   2 486,   1 267,   1 219
124,            Canada,2035,75-79,   2 141,   1 112,   1 029
124,            Canada,2035,80-84,   1 570,    851,    719
124,            Canada,2035,85-89,   1 005,    570,    435
124,            Canada,2035,90-94,    414,    257,    156
124,            Canada,2035,95-99,    107,    74,    33
124,            Canada,2035,100+,    16,    12,    3
124,            Canada,2040,0-4,   2 083,   1 015,   1 069
124,            Canada,2040,5-9,   2 072,   1 010,   1 062
124,            Canada,2040,10-14,   2 079,   1 014,   1 065
124,            Canada,2040,15-19,   2 200,   1 078,   1 122
124,            Canada,2040,20-24,   2 430,   1 200,   1 231
124,            Canada,2040,25-29,   2 607,   1 291,   1 315
124,            Canada,2040,30-34,   2 740,   1 358,   1 382
124,            Canada,2040,35-39,   2 712,   1 339,   1 373
124,            Canada,2040,40-44,   2 913,   1 432,   1 481
124,            Canada,2040,45-49,   3 094,   1 524,   1 570
124,            Canada,2040,50-54,   2 837,   1 415,   1 422
124,            Canada,2040,55-59,   2 741,   1 377,   1 364
124,            Canada,2040,60-64,   2 455,   1 241,   1 214
124,            Canada,2040,65-69,   2 278,   1 153,   1 125
124,            Canada,2040,70-74,   2 191,   1 114,   1 077
124,            Canada,2040,75-79,   2 293,   1 186,   1 107
124,            Canada,2040,80-84,   1 847,    984,    862
124,            Canada,2040,85-89,   1 178,    668,    510
124,            Canada,2040,90-94,    573,    349,    225
124,            Canada,2040,95-99,    143,    97,    46
124,            Canada,2040,100+,    18,    14,    4
124,            Canada,2045,0-4,   2 150,   1 047,   1 103
124,            Canada,2045,5-9,   2 116,   1 031,   1 085
124,            Canada,2045,10-14,   2 098,   1 023,   1 075
124,            Canada,2045,15-19,   2 217,   1 087,   1 131
124,            Canada,2045,20-24,   2 445,   1 205,   1 240
124,            Canada,2045,25-29,   2 659,   1 316,   1 343
124,            Canada,2045,30-34,   2 775,   1 376,   1 399
124,            Canada,2045,35-39,   2 852,   1 414,   1 439
124,            Canada,2045,40-44,   2 782,   1 374,   1 408
124,            Canada,2045,45-49,   2 950,   1 450,   1 500
124,            Canada,2045,50-54,   3 104,   1 530,   1 574
124,            Canada,2045,55-59,   2 826,   1 412,   1 414
124,            Canada,2045,60-64,   2 707,   1 364,   1 343
124,            Canada,2045,65-69,   2 398,   1 218,   1 180
124,            Canada,2045,70-74,   2 184,   1 115,   1 069
124,            Canada,2045,75-79,   2 034,   1 048,    985
124,            Canada,2045,80-84,   1 997,   1 059,    938
124,            Canada,2045,85-89,   1 406,    783,    623
124,            Canada,2045,90-94,    686,    416,    270
124,            Canada,2045,95-99,    201,    134,    67
124,            Canada,2045,100+,    24,    18,    6
124,            Canada,2050,0-4,   2 224,   1 083,   1 141
124,            Canada,2050,5-9,   2 183,   1 064,   1 119
124,            Canada,2050,10-14,   2 143,   1 045,   1 098
124,            Canada,2050,15-19,   2 237,   1 096,   1 141
124,            Canada,2050,20-24,   2 462,   1 214,   1 249
124,            Canada,2050,25-29,   2 675,   1 322,   1 352
124,            Canada,2050,30-34,   2 828,   1 401,   1 427
124,            Canada,2050,35-39,   2 888,   1 431,   1 456
124,            Canada,2050,40-44,   2 923,   1 448,   1 475
124,            Canada,2050,45-49,   2 821,   1 393,   1 428
124,            Canada,2050,50-54,   2 963,   1 458,   1 506
124,            Canada,2050,55-59,   3 092,   1 526,   1 566
124,            Canada,2050,60-64,   2 794,   1 400,   1 395
124,            Canada,2050,65-69,   2 648,   1 340,   1 308
124,            Canada,2050,70-74,   2 306,   1 180,   1 126
124,            Canada,2050,75-79,   2 039,   1 054,    984
124,            Canada,2050,80-84,   1 788,    944,    844
124,            Canada,2050,85-89,   1 542,    853,    689
124,            Canada,2050,90-94,    834,    497,    337
124,            Canada,2050,95-99,    245,    163,    83
124,            Canada,2050,100+,    34,    25,    9
124,            Canada,2055,0-4,   2 278,   1 109,   1 169
124,            Canada,2055,5-9,   2 257,   1 100,   1 157
124,            Canada,2055,10-14,   2 210,   1 077,   1 132
124,            Canada,2055,15-19,   2 282,   1 118,   1 164
124,            Canada,2055,20-24,   2 483,   1 224,   1 259
124,            Canada,2055,25-29,   2 692,   1 331,   1 361
124,            Canada,2055,30-34,   2 844,   1 407,   1 437
124,            Canada,2055,35-39,   2 941,   1 457,   1 484
124,            Canada,2055,40-44,   2 958,   1 466,   1 492
124,            Canada,2055,45-49,   2 962,   1 467,   1 495
124,            Canada,2055,50-54,   2 836,   1 401,   1 435
124,            Canada,2055,55-59,   2 956,   1 456,   1 500
124,            Canada,2055,60-64,   3 060,   1 514,   1 546
124,            Canada,2055,65-69,   2 739,   1 378,   1 361
124,            Canada,2055,70-74,   2 555,   1 302,   1 253
124,            Canada,2055,75-79,   2 165,   1 122,   1 043
124,            Canada,2055,80-84,   1 808,    957,    851
124,            Canada,2055,85-89,   1 400,    771,    630
124,            Canada,2055,90-94,    933,    552,    381
124,            Canada,2055,95-99,    304,    198,    105
124,            Canada,2055,100+,    43,    32,    11
124,            Canada,2060,0-4,   2 328,   1 134,   1 194
124,            Canada,2060,5-9,   2 311,   1 126,   1 185
124,            Canada,2060,10-14,   2 284,   1 114,   1 170
124,            Canada,2060,15-19,   2 349,   1 151,   1 198
124,            Canada,2060,20-24,   2 527,   1 245,   1 282
124,            Canada,2060,25-29,   2 713,   1 341,   1 372
124,            Canada,2060,30-34,   2 862,   1 416,   1 446
124,            Canada,2060,35-39,   2 957,   1 463,   1 494
124,            Canada,2060,40-44,   3 012,   1 492,   1 521
124,            Canada,2060,45-49,   2 998,   1 486,   1 513
124,            Canada,2060,50-54,   2 978,   1 475,   1 502
124,            Canada,2060,55-59,   2 832,   1 400,   1 431
124,            Canada,2060,60-64,   2 929,   1 446,   1 483
124,            Canada,2060,65-69,   3 005,   1 493,   1 512
124,            Canada,2060,70-74,   2 650,   1 343,   1 308
124,            Canada,2060,75-79,   2 410,   1 243,   1 167
124,            Canada,2060,80-84,   1 936,   1 026,    911
124,            Canada,2060,85-89,   1 436,    791,    645
124,            Canada,2060,90-94,    863,    508,    355
124,            Canada,2060,95-99,    346,    225,    122
124,            Canada,2060,100+,    53,    39,    14
124,            Canada,2065,0-4,   2 378,   1 158,   1 220
124,            Canada,2065,5-9,   2 361,   1 150,   1 211
124,            Canada,2065,10-14,   2 338,   1 140,   1 198
124,            Canada,2065,15-19,   2 423,   1 187,   1 236
124,            Canada,2065,20-24,   2 594,   1 278,   1 316
124,            Canada,2065,25-29,   2 758,   1 363,   1 395
124,            Canada,2065,30-34,   2 883,   1 426,   1 457
124,            Canada,2065,35-39,   2 976,   1 472,   1 504
124,            Canada,2065,40-44,   3 029,   1 498,   1 531
124,            Canada,2065,45-49,   3 053,   1 512,   1 542
124,            Canada,2065,50-54,   3 015,   1 494,   1 521
124,            Canada,2065,55-59,   2 975,   1 476,   1 499
124,            Canada,2065,60-64,   2 811,   1 393,   1 418
124,            Canada,2065,65-69,   2 882,   1 428,   1 453
124,            Canada,2065,70-74,   2 916,   1 459,   1 457
124,            Canada,2065,75-79,   2 512,   1 287,   1 224
124,            Canada,2065,80-84,   2 173,   1 145,   1 028
124,            Canada,2065,85-89,   1 558,    858,    700
124,            Canada,2065,90-94,    903,    531,    372
124,            Canada,2065,95-99,    327,    211,    116
124,            Canada,2065,100+,    62,    46,    17
124,            Canada,2070,0-4,   2 429,   1 183,   1 246
124,            Canada,2070,5-9,   2 411,   1 175,   1 236
124,            Canada,2070,10-14,   2 387,   1 164,   1 223
124,            Canada,2070,15-19,   2 477,   1 213,   1 264
124,            Canada,2070,20-24,   2 669,   1 314,   1 355
124,            Canada,2070,25-29,   2 825,   1 395,   1 430
124,            Canada,2070,30-34,   2 928,   1 448,   1 480
124,            Canada,2070,35-39,   2 997,   1 482,   1 515
124,            Canada,2070,40-44,   3 048,   1 507,   1 541
124,            Canada,2070,45-49,   3 071,   1 519,   1 552
124,            Canada,2070,50-54,   3 071,   1 521,   1 550
124,            Canada,2070,55-59,   3 014,   1 496,   1 519
124,            Canada,2070,60-64,   2 955,   1 469,   1 486
124,            Canada,2070,65-69,   2 770,   1 378,   1 392
124,            Canada,2070,70-74,   2 804,   1 399,   1 405
124,            Canada,2070,75-79,   2 775,   1 404,   1 371
124,            Canada,2070,80-84,   2 282,   1 194,   1 088
124,            Canada,2070,85-89,   1 772,    970,    801
124,            Canada,2070,90-94,    999,    587,    412
124,            Canada,2070,95-99,    349,    225,    124
124,            Canada,2070,100+,    61,    45,    16
124,            Canada,2075,0-4,   2 489,   1 212,   1 277
124,            Canada,2075,5-9,   2 462,   1 200,   1 263
124,            Canada,2075,10-14,   2 438,   1 189,   1 249
124,            Canada,2075,15-19,   2 527,   1 237,   1 289
124,            Canada,2075,20-24,   2 723,   1 340,   1 383
124,            Canada,2075,25-29,   2 899,   1 432,   1 468
124,            Canada,2075,30-34,   2 995,   1 481,   1 515
124,            Canada,2075,35-39,   3 042,   1 504,   1 538
124,            Canada,2075,40-44,   3 070,   1 518,   1 552
124,            Canada,2075,45-49,   3 090,   1 528,   1 562
124,            Canada,2075,50-54,   3 090,   1 529,   1 562
124,            Canada,2075,55-59,   3 072,   1 523,   1 549
124,            Canada,2075,60-64,   2 997,   1 490,   1 507
124,            Canada,2075,65-69,   2 917,   1 455,   1 462
124,            Canada,2075,70-74,   2 703,   1 353,   1 350
124,            Canada,2075,75-79,   2 681,   1 353,   1 329
124,            Canada,2075,80-84,   2 540,   1 312,   1 229
124,            Canada,2075,85-89,   1 885,   1 024,    861
124,            Canada,2075,90-94,   1 158,    676,    482
124,            Canada,2075,95-99,    395,    255,    140
124,            Canada,2075,100+,    65,    48,    18
124,            Canada,2080,0-4,   2 557,   1 245,   1 312
124,            Canada,2080,5-9,   2 523,   1 229,   1 294
124,            Canada,2080,10-14,   2 489,   1 213,   1 275
124,            Canada,2080,15-19,   2 577,   1 262,   1 315
124,            Canada,2080,20-24,   2 773,   1 365,   1 408
124,            Canada,2080,25-29,   2 954,   1 458,   1 496
124,            Canada,2080,30-34,   3 070,   1 517,   1 553
124,            Canada,2080,35-39,   3 110,   1 537,   1 573
124,            Canada,2080,40-44,   3 115,   1 540,   1 576
124,            Canada,2080,45-49,   3 113,   1 539,   1 574
124,            Canada,2080,50-54,   3 111,   1 539,   1 573
124,            Canada,2080,55-59,   3 093,   1 531,   1 561
124,            Canada,2080,60-64,   3 058,   1 519,   1 539
124,            Canada,2080,65-69,   2 963,   1 478,   1 485
124,            Canada,2080,70-74,   2 854,   1 432,   1 422
124,            Canada,2080,75-79,   2 596,   1 313,   1 283
124,            Canada,2080,80-84,   2 472,   1 271,   1 201
124,            Canada,2080,85-89,   2 123,   1 138,    985
124,            Canada,2080,90-94,   1 256,    727,    528
124,            Canada,2080,95-99,    468,    300,    168
124,            Canada,2080,100+,    74,    54,    20
124,            Canada,2085,0-4,   2 621,   1 276,   1 345
124,            Canada,2085,5-9,   2 591,   1 262,   1 328
124,            Canada,2085,10-14,   2 549,   1 243,   1 307
124,            Canada,2085,15-19,   2 628,   1 287,   1 341
124,            Canada,2085,20-24,   2 823,   1 389,   1 434
124,            Canada,2085,25-29,   3 004,   1 482,   1 521
124,            Canada,2085,30-34,   3 125,   1 544,   1 581
124,            Canada,2085,35-39,   3 185,   1 574,   1 611
124,            Canada,2085,40-44,   3 183,   1 573,   1 610
124,            Canada,2085,45-49,   3 159,   1 561,   1 598
124,            Canada,2085,50-54,   3 135,   1 550,   1 585
124,            Canada,2085,55-59,   3 116,   1 542,   1 574
124,            Canada,2085,60-64,   3 081,   1 528,   1 553
124,            Canada,2085,65-69,   3 027,   1 508,   1 519
124,            Canada,2085,70-74,   2 906,   1 458,   1 449
124,            Canada,2085,75-79,   2 752,   1 394,   1 357
124,            Canada,2085,80-84,   2 411,   1 242,   1 169
124,            Canada,2085,85-89,   2 092,   1 116,    976
124,            Canada,2085,90-94,   1 441,    824,    617
124,            Canada,2085,95-99,    518,    330,    188
124,            Canada,2085,100+,    89,    64,    24
124,            Canada,2090,0-4,   2 682,   1 306,   1 376
124,            Canada,2090,5-9,   2 654,   1 293,   1 361
124,            Canada,2090,10-14,   2 617,   1 276,   1 341
124,            Canada,2090,15-19,   2 689,   1 316,   1 373
124,            Canada,2090,20-24,   2 874,   1 414,   1 460
124,            Canada,2090,25-29,   3 054,   1 507,   1 547
124,            Canada,2090,30-34,   3 175,   1 568,   1 607
124,            Canada,2090,35-39,   3 240,   1 600,   1 640
124,            Canada,2090,40-44,   3 259,   1 609,   1 649
124,            Canada,2090,45-49,   3 228,   1 595,   1 633
124,            Canada,2090,50-54,   3 182,   1 573,   1 610
124,            Canada,2090,55-59,   3 141,   1 554,   1 587
124,            Canada,2090,60-64,   3 107,   1 540,   1 566
124,            Canada,2090,65-69,   3 055,   1 520,   1 535
124,            Canada,2090,70-74,   2 976,   1 490,   1 485
124,            Canada,2090,75-79,   2 813,   1 424,   1 389
124,            Canada,2090,80-84,   2 573,   1 327,   1 246
124,            Canada,2090,85-89,   2 065,   1 102,    963
124,            Canada,2090,90-94,   1 448,    824,    624
124,            Canada,2090,95-99,    608,    383,    225
124,            Canada,2090,100+,    100,    73,    28
124,            Canada,2095,0-4,   2 744,   1 336,   1 408
124,            Canada,2095,5-9,   2 715,   1 323,   1 393
124,            Canada,2095,10-14,   2 681,   1 307,   1 374
124,            Canada,2095,15-19,   2 757,   1 349,   1 407
124,            Canada,2095,20-24,   2 935,   1 444,   1 491
124,            Canada,2095,25-29,   3 106,   1 532,   1 574
124,            Canada,2095,30-34,   3 226,   1 593,   1 633
124,            Canada,2095,35-39,   3 290,   1 625,   1 666
124,            Canada,2095,40-44,   3 314,   1 636,   1 678
124,            Canada,2095,45-49,   3 304,   1 631,   1 672
124,            Canada,2095,50-54,   3 252,   1 607,   1 645
124,            Canada,2095,55-59,   3 190,   1 578,   1 612
124,            Canada,2095,60-64,   3 134,   1 553,   1 581
124,            Canada,2095,65-69,   3 084,   1 533,   1 551
124,            Canada,2095,70-74,   3 009,   1 504,   1 504
124,            Canada,2095,75-79,   2 890,   1 460,   1 430
124,            Canada,2095,80-84,   2 647,   1 363,   1 284
124,            Canada,2095,85-89,   2 230,   1 191,   1 040
124,            Canada,2095,90-94,   1 458,    829,    629
124,            Canada,2095,95-99,    625,    392,    233
124,            Canada,2095,100+,    119,    85,    34
124,            Canada,2100,0-4,   2 797,   1 362,   1 435
124,            Canada,2100,5-9,   2 777,   1 353,   1 424
124,            Canada,2100,10-14,   2 742,   1 337,   1 405
124,            Canada,2100,15-19,   2 821,   1 380,   1 440
124,            Canada,2100,20-24,   3 003,   1 477,   1 526
124,            Canada,2100,25-29,   3 167,   1 561,   1 605
124,            Canada,2100,30-34,   3 277,   1 618,   1 660
124,            Canada,2100,35-39,   3 341,   1 650,   1 692
124,            Canada,2100,40-44,   3 365,   1 661,   1 704
124,            Canada,2100,45-49,   3 360,   1 658,   1 701
124,            Canada,2100,50-54,   3 329,   1 644,   1 685
124,            Canada,2100,55-59,   3 261,   1 612,   1 649
124,            Canada,2100,60-64,   3 186,   1 578,   1 608
124,            Canada,2100,65-69,   3 115,   1 548,   1 567
124,            Canada,2100,70-74,   3 044,   1 520,   1 523
124,            Canada,2100,75-79,   2 933,   1 478,   1 454
124,            Canada,2100,80-84,   2 737,   1 405,   1 331
124,            Canada,2100,85-89,   2 322,   1 236,   1 086
124,            Canada,2100,90-94,   1 606,    913,    693
124,            Canada,2100,95-99,    646,    405,    241
124,            Canada,2100,100+,    127,    91,    36
